{"cameraMode":{"drawMode":0,"name":"Shaded","section":"Shading Mode"},"sceneLighting":false,"audioPlay":false,"sceneViewState":{"m_AlwaysRefresh":false,"showFog":true,"showSkybox":false,"showFlares":true,"showImageEffects":true,"showParticleSystems":true,"showVisualEffectGraphs":true,"m_FxEnabled":true},"in2DMode":false,"pivot":{"x":0.021690167486667634,"y":0.09349185973405838,"z":0.3332290053367615},"rotation":{"x":-0.1145649328827858,"y":0.20323637127876283,"z":-0.023951729759573938,"w":-0.9721165895462036},"size":0.7083008885383606,"orthographic":false}