{"cameraMode":{"drawMode":0,"name":"Shaded","section":"Shading Mode"},"sceneLighting":false,"audioPlay":false,"sceneViewState":{"m_AlwaysRefresh":false,"showFog":true,"showSkybox":false,"showFlares":true,"showImageEffects":true,"showParticleSystems":true,"showVisualEffectGraphs":true,"m_FxEnabled":true},"in2DMode":false,"pivot":{"x":-0.001978933811187744,"y":2.2300000190734865,"z":0.0013242363929748536},"rotation":{"x":0.3033120632171631,"y":0.3752483129501343,"z":-0.1314326524734497,"w":0.8659826517105103},"size":3.071056842803955,"orthographic":true}