{"cameraMode":{"drawMode":0,"name":"Shaded","section":"Shading Mode"},"sceneLighting":false,"audioPlay":false,"sceneViewState":{"m_AlwaysRefresh":false,"showFog":true,"showSkybox":false,"showFlares":true,"showImageEffects":true,"showParticleSystems":true,"showVisualEffectGraphs":true,"m_FxEnabled":true},"in2DMode":false,"pivot":{"x":-0.16918215155601502,"y":2.301154136657715,"z":0.013990223407745362},"rotation":{"x":0.13324901461601258,"y":-0.866541862487793,"z":-0.3516261577606201,"w":-0.3282305896282196},"size":1.9820988178253174,"orthographic":true}